{
  "scenario": "2_chunking_strategy_impact",
  "best_strategy": "A_Sentence",
  "strategies": {
    "A_Sentence": {
      "num_chunks": 303,
      "avg_relevance": 0.8315970043962201,
      "avg_latency_ms": 174.85491434733072,
      "relevances": [
        0.7968673706054688,
        0.8037005662918091,
        0.8262340128421783,
        0.8049686253070831,
        0.8350514769554138,
        0.8352587223052979,
        0.7807677984237671,
        0.650820717215538,
        0.79547518491745,
        0.8419562876224518,
        0.8548304438591003,
        0.8561733365058899,
        0.8584939241409302,
        0.8952993452548981,
        0.8576629757881165,
        0.8704225718975067,
        0.7985664010047913,
        0.8351557850837708,
        0.8710134923458099,
        0.8343829214572906,
        0.8205385208129883,
        0.8393621742725372,
        0.7578086256980896,
        0.8565113246440887,
        0.7800120115280151,
        0.862603634595871,
        0.8294568061828613,
        0.7905747294425964,
        0.8645188212394714,
        0.8618113696575165,
        0.8341669142246246,
        0.850863516330719,
        0.854519784450531,
        0.842795729637146,
        0.8900593817234039,
        0.8972928822040558,
        0.8231687545776367,
        0.8498209416866302,
        0.8432236015796661,
        0.8102538585662842,
        0.8312959372997284,
        0.8691342175006866,
        0.8910920321941376,
        0.8148519396781921,
        0.8131613433361053,
        0.7521778643131256,
        0.8367726504802704,
        0.8457048833370209
      ]
    },
    "B_FixedSize": {
      "num_chunks": 251,
      "avg_relevance": 0.8200569478794932,
      "avg_latency_ms": 66.6492482026418,
      "relevances": [
        0.8155002892017365,
        0.8202939927577972,
        0.8217942416667938,
        0.7864322364330292,
        0.8492937684059143,
        0.8178146779537201,
        0.8229327201843262,
        0.6548456996679306,
        0.7856116890907288,
        0.8137634694576263,
        0.8520132303237915,
        0.8283291161060333,
        0.8234658539295197,
        0.8437514305114746,
        0.8315110802650452,
        0.8561258614063263,
        0.7694778740406036,
        0.7768585085868835,
        0.8519187867641449,
        0.8406175076961517,
        0.8065996170043945,
        0.8430194556713104,
        0.7702586054801941,
        0.8779243528842926,
        0.7625718712806702,
        0.8500663936138153,
        0.8275943398475647,
        0.8172561824321747,
        0.8497195839881897,
        0.8444119095802307,
        0.8065601587295532,
        0.8454215228557587,
        0.8403845727443695,
        0.8102137744426727,
        0.8092211782932281,
        0.898931622505188,
        0.8143132925033569,
        0.8495571315288544,
        0.8495008945465088,
        0.7908405959606171,
        0.8396477401256561,
        0.8452095985412598,
        0.8107137084007263,
        0.791289895772934,
        0.7782381772994995,
        0.8563030362129211,
        0.8222872018814087,
        0.7923250496387482
      ]
    },
    "C_Semantic": {
      "num_chunks": 245,
      "avg_relevance": 0.8282577258845171,
      "avg_latency_ms": 52.51589914162954,
      "relevances": [
        0.8008940517902374,
        0.787045955657959,
        0.8317093849182129,
        0.79726243019104,
        0.845247209072113,
        0.8338293731212616,
        0.7949159443378448,
        0.6523102968931198,
        0.8071303069591522,
        0.8259166181087494,
        0.8498283922672272,
        0.8492689728736877,
        0.8425642251968384,
        0.8569145500659943,
        0.8399145305156708,
        0.8742843568325043,
        0.7902482748031616,
        0.8203873932361603,
        0.8551825881004333,
        0.8276667892932892,
        0.8118307888507843,
        0.82131427526474,
        0.7676503658294678,
        0.8592476844787598,
        0.7368289679288864,
        0.82601597905159,
        0.8294568061828613,
        0.8215904533863068,
        0.8261825144290924,
        0.8618113696575165,
        0.8298949003219604,
        0.85130575299263,
        0.9012709856033325,
        0.830554187297821,
        0.9135322272777557,
        0.9051579236984253,
        0.8246045112609863,
        0.8562792539596558,
        0.8658772706985474,
        0.838140070438385,
        0.8209038078784943,
        0.8318632245063782,
        0.8910920321941376,
        0.786686897277832,
        0.7937977015972137,
        0.8053368926048279,
        0.8288076519966125,
        0.8368147015571594
      ]
    }
  },
  "statistical_tests": {
    "B_FixedSize_vs_A": {
      "t_stat": 2.662710538369124,
      "p_value": 0.010579878160612443,
      "cohens_d": -0.28561069851096954,
      "improvement_pct": -1.3876981826197765,
      "significant": true
    },
    "C_Semantic_vs_A": {
      "t_stat": 1.1405529410321857,
      "p_value": 0.2598347086603091,
      "cohens_d": -0.07813658391530334,
      "improvement_pct": -0.40155008905154643,
      "significant": false
    }
  }
}