{
  "scenario": "1_retrieval_quality_vs_context_size",
  "hypothesis": "retrieval_quality + small_context > random + large_context",
  "hypothesis_passed": true,
  "systems": {
    "A_Random": {
      "avg_relevance": 0.7346323605937263,
      "avg_latency_ms": 164.88183041413626,
      "relevances": [
        0.7673875093460083,
        0.7586758136749268,
        0.7201955020427704,
        0.6642635017633438,
        0.7575784027576447,
        0.7238707840442657,
        0.7326067239046097,
        0.5759050026535988,
        0.7227694094181061,
        0.715354397892952,
        0.8011707663536072,
        0.7777878046035767,
        0.7027096450328827,
        0.7416274398565292,
        0.7256667912006378,
        0.7477765530347824,
        0.6751952916383743,
        0.6666522175073624,
        0.7839275598526001,
        0.7414060533046722,
        0.717575877904892,
        0.7598544657230377,
        0.7373337149620056,
        0.7575613558292389,
        0.7332801073789597,
        0.7807825207710266,
        0.7425238341093063,
        0.7016558200120926,
        0.7935947775840759,
        0.6818246245384216,
        0.7411419004201889,
        0.685222327709198,
        0.7632931172847748,
        0.7509911954402924,
        0.7095802575349808,
        0.7612955272197723,
        0.7769579887390137,
        0.737182080745697,
        0.8046028912067413,
        0.7562742233276367,
        0.8229248821735382,
        0.753804624080658,
        0.7468432486057281,
        0.709335669875145,
        0.7096980661153793,
        0.75515416264534,
        0.6938600540161133,
        0.6756768226623535
      ]
    },
    "B_Cosine": {
      "avg_relevance": 0.8385407120610276,
      "avg_latency_ms": 50.22349456946055,
      "relevances": [
        0.8225870728492737,
        0.8375665545463562,
        0.8321159482002258,
        0.8237008452415466,
        0.8453447818756104,
        0.8430534303188324,
        0.7967512607574463,
        0.6799317449331284,
        0.8128691017627716,
        0.8519260585308075,
        0.8488152921199799,
        0.8630100786685944,
        0.8333955705165863,
        0.8458584249019623,
        0.8702283501625061,
        0.8823493421077728,
        0.8105444014072418,
        0.8448763787746429,
        0.8425681293010712,
        0.8314062356948853,
        0.8155297338962555,
        0.8531586527824402,
        0.7994964718818665,
        0.8640836775302887,
        0.8126338422298431,
        0.8767546713352203,
        0.8117405772209167,
        0.8221056163311005,
        0.8765108585357666,
        0.8667086660861969,
        0.8417175114154816,
        0.8494503200054169,
        0.8559146821498871,
        0.8533854484558105,
        0.8993153870105743,
        0.9046049118041992,
        0.81296706199646,
        0.8562428653240204,
        0.8605957329273224,
        0.8134689927101135,
        0.8230175971984863,
        0.8440721035003662,
        0.893418937921524,
        0.8161249160766602,
        0.8186588287353516,
        0.8307761549949646,
        0.8349393606185913,
        0.823661595582962
      ]
    },
    "C_Semantic": {
      "avg_relevance": 0.8305317237973213,
      "avg_latency_ms": 49.96490478515625,
      "relevances": [
        0.8026336431503296,
        0.7759570181369781,
        0.8321159482002258,
        0.7862975299358368,
        0.8587652146816254,
        0.8153187930583954,
        0.8099693953990936,
        0.6790861785411835,
        0.8079676330089569,
        0.8519260585308075,
        0.8197393119335175,
        0.8424866497516632,
        0.8496456444263458,
        0.8458584249019623,
        0.8702283501625061,
        0.8668158948421478,
        0.8105444014072418,
        0.8440150022506714,
        0.8383162319660187,
        0.8467731177806854,
        0.8130206763744354,
        0.8417951762676239,
        0.8096349835395813,
        0.8644250333309174,
        0.7177046984434128,
        0.8563345372676849,
        0.8117405772209167,
        0.8221056163311005,
        0.8857521116733551,
        0.8406270444393158,
        0.8155780136585236,
        0.8601435124874115,
        0.8911722898483276,
        0.8543270230293274,
        0.8864118456840515,
        0.9196731448173523,
        0.8371468782424927,
        0.8397950828075409,
        0.8658011853694916,
        0.7480070739984512,
        0.8230175971984863,
        0.8647486567497253,
        0.893418937921524,
        0.804396778345108,
        0.8071791529655457,
        0.7914218008518219,
        0.8438553512096405,
        0.8018275201320648
      ]
    },
    "D_KG": {
      "avg_relevance": 0.8258464743072788,
      "avg_latency_ms": 46.13166550795237,
      "relevances": [
        0.8026336431503296,
        0.7759570181369781,
        0.807876318693161,
        0.7605394423007965,
        0.8587652146816254,
        0.8153187930583954,
        0.8099693953990936,
        0.6790861785411835,
        0.8079676330089569,
        0.8519260585308075,
        0.8197393119335175,
        0.8424866497516632,
        0.8496456444263458,
        0.8458584249019623,
        0.8702283501625061,
        0.876800149679184,
        0.773868590593338,
        0.7714138925075531,
        0.8216924369335175,
        0.8135667145252228,
        0.8130206763744354,
        0.8417951762676239,
        0.8096349835395813,
        0.8644250333309174,
        0.7177046984434128,
        0.8563345372676849,
        0.8117405772209167,
        0.7708538174629211,
        0.8367210924625397,
        0.8406270444393158,
        0.8155780136585236,
        0.8601435124874115,
        0.8911722898483276,
        0.8543270230293274,
        0.8864118456840515,
        0.9218964278697968,
        0.8776468634605408,
        0.8185750246047974,
        0.8799232542514801,
        0.786893218755722,
        0.8230175971984863,
        0.8647486567497253,
        0.893418937921524,
        0.804396778345108,
        0.8071791529655457,
        0.7914218008518219,
        0.8438553512096405,
        0.8018275201320648
      ]
    }
  },
  "statistical_tests": {
    "B_Cosine_vs_A": {
      "t_stat": -18.014913558641812,
      "p_value": 9.793173960221667e-23,
      "cohens_d": 2.635796785762601,
      "improvement_pct": 14.14426549128916,
      "significant": true
    },
    "C_Semantic_vs_A": {
      "t_stat": -14.021387554568514,
      "p_value": 2.0675019821074766e-18,
      "cohens_d": 2.2045663517014686,
      "improvement_pct": 13.054061915553195,
      "significant": true
    },
    "D_KG_vs_A": {
      "t_stat": -14.21421090695299,
      "p_value": 1.2268109380271872e-18,
      "cohens_d": 2.046877661324729,
      "improvement_pct": 12.416294000421338,
      "significant": true
    }
  }
}