{
  "scenario": "4_rag_vs_knowledge_graph",
  "best_system": "A_RAG_Dense",
  "systems": {
    "A_RAG_Dense": {
      "avg_relevance": 0.8385407120610276,
      "avg_latency_ms": 404.9956401189168,
      "relevances": [
        0.8225870728492737,
        0.8375665545463562,
        0.8321159482002258,
        0.8237008452415466,
        0.8453447818756104,
        0.8430534303188324,
        0.7967512607574463,
        0.6799317449331284,
        0.8128691017627716,
        0.8519260585308075,
        0.8488152921199799,
        0.8630100786685944,
        0.8333955705165863,
        0.8458584249019623,
        0.8702283501625061,
        0.8823493421077728,
        0.8105444014072418,
        0.8448763787746429,
        0.8425681293010712,
        0.8314062356948853,
        0.8155297338962555,
        0.8531586527824402,
        0.7994964718818665,
        0.8640836775302887,
        0.8126338422298431,
        0.8767546713352203,
        0.8117405772209167,
        0.8221056163311005,
        0.8765108585357666,
        0.8667086660861969,
        0.8417175114154816,
        0.8494503200054169,
        0.8559146821498871,
        0.8533854484558105,
        0.8993153870105743,
        0.9046049118041992,
        0.81296706199646,
        0.8562428653240204,
        0.8605957329273224,
        0.8134689927101135,
        0.8230175971984863,
        0.8440721035003662,
        0.893418937921524,
        0.8161249160766602,
        0.8186588287353516,
        0.8307761549949646,
        0.8349393606185913,
        0.823661595582962
      ]
    },
    "B_RAG_BM25": {
      "avg_relevance": 0.7981853953873118,
      "avg_latency_ms": 427.89993186791736,
      "relevances": [
        0.7713011801242828,
        0.73724465072155,
        0.7565349638462067,
        0.6849244683980942,
        0.8587652146816254,
        0.7612465918064117,
        0.7419914156198502,
        0.6534537672996521,
        0.7656703293323517,
        0.7829301357269287,
        0.798589289188385,
        0.7856284976005554,
        0.7827768921852112,
        0.8358120918273926,
        0.8573775589466095,
        0.8098691701889038,
        0.7163862884044647,
        0.8290060460567474,
        0.7939777970314026,
        0.7771978378295898,
        0.8239283263683319,
        0.8118783831596375,
        0.7947838306427002,
        0.8683794736862183,
        0.7177046984434128,
        0.8576422333717346,
        0.7864718437194824,
        0.8075613677501678,
        0.8846958875656128,
        0.8206339180469513,
        0.7767064273357391,
        0.8605355024337769,
        0.8884855210781097,
        0.7487740516662598,
        0.8778956234455109,
        0.8281782269477844,
        0.8216361105442047,
        0.8367327153682709,
        0.8898005485534668,
        0.7589933276176453,
        0.8437898457050323,
        0.834437370300293,
        0.8331165611743927,
        0.7483925819396973,
        0.7401101738214493,
        0.7848174273967743,
        0.7870547771453857,
        0.7790780365467072
      ]
    },
    "C_KG_Entity": {
      "avg_relevance": 0.7432473523852726,
      "avg_latency_ms": 183.11040103435516,
      "relevances": [
        0.7073173671960831,
        0.7665489315986633,
        0.807876318693161,
        0.7605394423007965,
        0.740604355931282,
        0.678674653172493,
        0.7294815629720688,
        0.6039926931262016,
        0.6920293420553207,
        0.7327767461538315,
        0.7723641097545624,
        0.7128626257181168,
        0.7605033814907074,
        0.7357754558324814,
        0.6997791230678558,
        0.876800149679184,
        0.773868590593338,
        0.7714138925075531,
        0.8216924369335175,
        0.8135667145252228,
        0.7103134989738464,
        0.6791409552097321,
        0.6852158308029175,
        0.695695087313652,
        0.7432457506656647,
        0.7449067980051041,
        0.6971380263566971,
        0.7708538174629211,
        0.8367210924625397,
        0.693492978811264,
        0.7063331007957458,
        0.6312424689531326,
        0.7424005568027496,
        0.6852024793624878,
        0.7558269798755646,
        0.9218964278697968,
        0.8776468634605408,
        0.8185750246047974,
        0.8799232542514801,
        0.786893218755722,
        0.799982339143753,
        0.7332047075033188,
        0.6940125674009323,
        0.6856362223625183,
        0.6954566240310669,
        0.7333177626132965,
        0.6680565029382706,
        0.6450740844011307
      ]
    },
    "D_KG_Hybrid": {
      "avg_relevance": 0.8258464743072788,
      "avg_latency_ms": 183.61503382523856,
      "relevances": [
        0.8026336431503296,
        0.7759570181369781,
        0.807876318693161,
        0.7605394423007965,
        0.8587652146816254,
        0.8153187930583954,
        0.8099693953990936,
        0.6790861785411835,
        0.8079676330089569,
        0.8519260585308075,
        0.8197393119335175,
        0.8424866497516632,
        0.8496456444263458,
        0.8458584249019623,
        0.8702283501625061,
        0.876800149679184,
        0.773868590593338,
        0.7714138925075531,
        0.8216924369335175,
        0.8135667145252228,
        0.8130206763744354,
        0.8417951762676239,
        0.8096349835395813,
        0.8644250333309174,
        0.7177046984434128,
        0.8563345372676849,
        0.8117405772209167,
        0.7708538174629211,
        0.8367210924625397,
        0.8406270444393158,
        0.8155780136585236,
        0.8601435124874115,
        0.8911722898483276,
        0.8543270230293274,
        0.8864118456840515,
        0.9218964278697968,
        0.8776468634605408,
        0.8185750246047974,
        0.8799232542514801,
        0.786893218755722,
        0.8230175971984863,
        0.8647486567497253,
        0.893418937921524,
        0.804396778345108,
        0.8071791529655457,
        0.7914218008518219,
        0.8438553512096405,
        0.8018275201320648
      ]
    }
  },
  "statistical_tests": {
    "B_RAG_BM25_vs_A": {
      "t_stat": 7.217013396460988,
      "p_value": 3.833890736817749e-09,
      "cohens_d": -0.9005623700072012,
      "improvement_pct": -4.81256498262649,
      "significant": true
    },
    "C_KG_Entity_vs_A": {
      "t_stat": 10.451642668390388,
      "p_value": 7.549892228424584e-14,
      "cohens_d": -1.780412249782527,
      "improvement_pct": -11.364189991626755,
      "significant": true
    },
    "D_KG_Hybrid_vs_A": {
      "t_stat": 3.101604033155593,
      "p_value": 0.0032511359039507854,
      "cohens_d": -0.3141199438428261,
      "improvement_pct": -1.513848710165551,
      "significant": true
    }
  }
}